symbol,day,adv_usd,sigma,depth1pct_usd,y@0.0001,y@0.0003,y@0.001,y@0.003,y@0.01
BTCUSDT,2023-02-15,11391076543.587952,0.02964616217022369,77923598.436495,0.24662670967352895,0.42716999165809083,0.7799021344014333,1.350830121714694,2.4416909181475432
BTCUSDT,2023-04-12,17873360609.481113,0.019570981961248412,121996662.40143499,0.3753700468452667,0.6501599927755114,1.1870243134351455,2.0559864206892353,3.7729042601421865
BTCUSDT,2023-06-14,10553439012.958555,0.02484045811896187,118010684.376625,0.18018985257311165,0.3120979796649749,0.5698103453809846,0.9869404688782352,1.801898525731116
BTCUSDT,2023-08-16,7411063786.084658,0.00861563100523712,160719277.83868998,0.27124264707160156,0.46980604590748737,0.8577445633194618,1.4856571635852878,2.7124264707160157
BTCUSDT,2023-10-11,7924440370.160766,0.014243832783823598,113196932.92368001,0.24766666197044274,0.4289712418737935,0.7831907523176049,1.356526175032184,2.476666619704428
BTCUSDT,2023-12-13,12445080884.079075,0.023898197379916917,83043531.281635,0.31591787910997476,0.5471858176378785,0.9990200515572479,1.7303534870772328,3.0666866670812993
BTCUSDT,2024-01-17,13878510158.725176,0.030942504788970565,78021294.7473175,0.2926818541346915,0.5069398418147487,0.9255412888667953,1.6030845368200721,2.729761155551561
BTCUSDT,2024-02-14,11701115315.888895,0.018326054910917773,108432759.4250325,0.3006769426444281,0.5207877413246226,0.950823978652204,1.6468754400804027,2.9952801874757
BTCUSDT,2024-03-13,22357542932.91581,0.03588986994213488,119898983.472885,0.26068308455682376,0.45151634712619254,0.8243522946778286,1.42782005771799,2.466077842273146
BTCUSDT,2024-04-17,22489088559.071663,0.029214108925676628,90580593.97375,0.4266372726638514,0.7389574326564069,1.349145516340063,2.3367885811047353,4.019931271563143
DOGEUSDT,2023-02-15,750996158.5107174,0.040211836025425926,3930344.3498649998,0.23817853961991295,0.41253733189424613,0.7531866749715801,1.3045575886346428,2.725464316344772
DOGEUSDT,2023-04-12,905110239.5997976,0.05827097576281557,4055331.6554699996,0.19217769717774258,0.3328615355934361,0.6077192385677792,1.0526005979364652,2.1847372558330136
DOGEUSDT,2023-06-14,259042827.44222435,0.03703627839497423,2921263.3647525,0.11973992300367758,0.20739563033675484,0.3786508835448113,0.6558425686304593,1.1973992300367753
DOGEUSDT,2023-08-16,708231491.0729614,0.02518815465655485,3722441.2375375,0.3776791666104751,0.6541595055296138,1.1943263912833169,2.0686339905230913,4.402819823815493
DOGEUSDT,2023-10-11,190675093.76700935,0.01258698523085572,3210484.814795,0.23593226204646947,0.4086466650091394,0.7460833215825425,1.292254219660713,2.3593226204646944
DOGEUSDT,2023-12-13,836386232.3246636,0.03187584609383024,3510698.5869025,0.3737049000873557,0.6472758739887509,1.1817586570417011,2.04686603628059,5.229358299451513
DOGEUSDT,2024-01-17,431921809.6792027,0.03340621605710929,2936641.4672525,0.22144016508930975,0.3835456167711244,0.7002552871259221,1.2128777355708291,2.5273587259626327
DOGEUSDT,2024-02-14,305457628.546033,0.018531267639322477,3574323.0736074997,0.2321535839341691,0.40210180253318656,0.7341340922030477,1.271557547264133,2.3215358393416903
DOGEUSDT,2024-03-13,1476915340.2087393,0.08642588454247375,4496937.588577501,0.19083866047180859,0.33054225598555875,0.6034848327064586,1.0462075752510593,2.220137064973547
DOGEUSDT,2024-04-17,2056137440.2143266,0.06447848045495101,4384640.00727,0.3715015643637269,0.6434595845692943,1.174791097705019,2.210280656669745,
MATICUSDT,2023-02-15,577008609.4633267,0.04307324501583115,3723105.8719,0.17993466911619788,0.31165598895234925,0.5690033844359419,0.9855427715216973,2.15032928535415
MATICUSDT,2023-04-12,438113882.6879066,0.024381706426273495,3349928.5131,0.2684558822553431,0.4649792276569823,0.8489320391968642,1.4703934240620224,2.8201087769409243
MATICUSDT,2023-06-14,335482927.66139996,0.0466461070940751,2535893.922975,0.1420813954367046,0.24609219570665722,0.44930082271504046,0.7782118528249469,1.5244231746383468
MATICUSDT,2023-08-16,204547180.20056,0.019824069888372296,2752301.266225,0.1877967670452722,0.32527354201958797,0.5938655210791097,1.028605255372384,1.8779676704527224
MATICUSDT,2023-10-11,159017411.19161332,0.028546707316994765,2375469.917675,0.11742985131485047,0.20339446880257997,0.37134579544984614,0.6431897848962129,1.1742985131485046
MATICUSDT,2023-12-13,461853329.01112,0.0353223558711824,2386067.472625,0.2746578371607436,0.47572132865938715,0.8685443426435839,1.5043629300851993,3.5321826251466835
MATICUSDT,2024-01-17,531912674.4448933,0.05163994928924762,2399537.605475,0.21645652058476272,0.37491369128238755,0.684495619442972,1.1855811904335585,2.3296748184692926
MATICUSDT,2024-02-14,248708182.43671665,0.025726781171293064,2982753.6479,0.16224481316542708,0.2810162596670396,0.5130631481512227,0.8886514400891555,1.6224481316542707
MATICUSDT,2024-03-13,534976667.4174734,0.04637693660882448,3073923.56275,0.18786341874650178,0.3253889861525285,0.5940762922649202,1.0289703217749793,2.245504073707051
MATICUSDT,2024-04-17,336674153.95592004,0.053240571835256136,2027876.0765999998,0.15614497423239898,0.2704510287170481,0.4937737637626827,0.8552412462814784,1.9475202827915405
OPUSDT,2023-02-15,431580447.41407865,0.09383733441249542,1463424.939545,0.1577331865464495,0.2732018931381902,0.4987961320830088,0.8639402433866078,
OPUSDT,2023-04-12,410421665.8511536,0.03880076561467468,1642079.69024,0.32433753573918417,0.5617690907019535,1.0256453436220856,1.7764698456998915,4.699243009828249
OPUSDT,2023-06-14,266449998.11391634,0.057699160927652295,933985.807245,0.2482482943874067,0.42997865877130403,0.7850300355161994,1.3597119069816574,
OPUSDT,2023-08-16,390185226.176676,0.03761855508002438,1564527.947005,0.33148276299144713,0.5741449873344986,1.048240536138743,1.8156058671455422,4.584740942091031
OPUSDT,2023-10-11,147399890.52842298,0.024614584977456756,1423581.7049524998,0.21032659083120742,0.3642963415024016,0.6651110795249028,1.1520061824141155,2.1048543012781336
OPUSDT,2023-12-13,295047239.18135965,0.0696684148749913,1662861.8803725,0.12778884344733146,0.2213367694912433,0.4041038048522507,0.6999283215359966,1.539600516252865
OPUSDT,2024-01-17,641675383.9584672,0.06238082384569741,1890503.03965,0.2746993116653039,0.4757931646085043,0.8686754965428217,1.5131886013348002,3.133081562686862
OPUSDT,2024-02-14,258864410.66479865,0.03892067497361687,2535339.2256650003,0.13123514999180239,0.22730594752472408,0.4150019830479233,0.7188045198808408,1.3138543106104459
OPUSDT,2024-03-13,381924265.01769406,0.04747387770329957,1957666.8309575,0.20664012734585488,0.35791119944552363,0.653453458400146,1.131814590330649,2.5626571374856733
OPUSDT,2024-04-17,275003558.6172977,0.06748965537921764,1474466.0724999998,0.1394382894025857,0.24151420176577137,0.44094258754989013,0.7637349648572974,1.464570127629484
TRBUSDT,2023-02-15,30265104.056033332,0.05831717137838797,175564.54450000002,0.1479783386937929,0.2563060010372848,0.46794859464021127,0.8105107412472994,1.8314480387811167
TRBUSDT,2023-04-12,18951962.256633338,0.027555781030703833,176178.3805,0.19625300685532135,0.3399201790115796,0.6206064993194543,1.0749219883287549,1.997622240494522
TRBUSDT,2023-06-14,11054139.631933333,0.054197538451390685,128099.137,0.08033200175591473,0.1391391085149566,0.25403209454933623,0.4399964945125911,0.8033200175591473
TRBUSDT,2023-08-16,19593405.09846667,0.04456562745826189,161959.897,0.13592042314502123,0.23542107867343753,0.42981811767213385,0.744466817821754,1.4120373746604329
TRBUSDT,2023-10-11,976747589.1436168,0.11533368969874858,925950.206875,0.45734814757693215,0.7921502283507555,1.448814279330944,3.054046443470345,
TRBUSDT,2023-12-13,207312321.83988336,0.06497353954088644,772155.4742,0.2066229056885072,0.35788137066000675,0.6533989987378443,1.131720263428579,2.5010906292440125
TRBUSDT,2024-01-17,1020219678.2248334,0.11068128064309221,982767.3899999999,0.4690189131674129,0.8123645873166947,1.483978221897775,3.0854422108934636,
TRBUSDT,2024-02-14,261078406.49543,0.03754047945295657,733723.08695,0.4740658435463744,0.8211061271553187,1.4991278264955783,2.6029059853052923,
TRBUSDT,2024-03-13,131084081.19007333,0.047402589449827934,718449.16035,0.19368371980796437,0.33547004330632874,0.6124817002870375,1.0608494236033224,2.4782783446587846
TRBUSDT,2024-04-17,73864154.23853333,0.08067656594626482,387763.4419,0.11805946730059694,0.20448499567915032,0.37333681601605695,0.6466383336758047,1.5873130288005204
NEARUSDT,2023-02-15,241746215.1093667,0.05923876710517858,1659361.4885,0.12300622788279801,0.21305303634040165,0.38897984649535305,0.6737328572502942,1.4211014396678825
NEARUSDT,2023-04-12,110684025.74046667,0.03555994678736786,1133462.2179999999,0.1376236610494345,0.23837117326125842,0.43520422884721194,0.7537958360322038,1.3763817885716136
NEARUSDT,2023-06-14,70387447.69543333,0.041444442127786064,947340.62,0.08979109757716609,0.15552274307102637,0.2839443819502715,0.4918060960616134,0.8979109757716608
NEARUSDT,2023-08-16,59065593.911900006,0.019790740890453053,722917.5757500001,0.20683521853792852,0.3582491073023043,0.6540703909185362,1.1328831487973419,2.0683521853792852
NEARUSDT,2023-10-11,36838622.9338,0.019800468271791636,797128.3159999999,0.11710739187409551,0.20283595266781201,0.37032608916403625,0.641423601800393,1.1710739187409551
NEARUSDT,2023-12-13,201715433.5220333,0.04200146842753351,1386594.676,0.17352993553838808,0.3005626649866403,0.5487498385235036,0.9504626009679255,1.9342003244787938
NEARUSDT,2024-01-17,362236607.66283333,0.049359191062272954,946848.0175000001,0.3920580064857129,0.6790643867474231,1.2397962753999199,2.1710074096965952,
NEARUSDT,2024-02-14,152710237.1079667,0.03765024303139473,1368215.3445,0.14863031795153833,0.2574352622371809,0.4700103340818731,0.8140817787122255,1.5011743417909564
NEARUSDT,2024-03-13,411861759.6068,0.11060032798105301,1847074.93,0.10228420067889862,0.17716143238742343,0.3234510427950605,0.56023363988218,1.1673834029618149
NEARUSDT,2024-04-17,467205595.48586667,0.0653501036915391,1422813.668,0.2601030299852865,0.4505116631371274,0.8225180010645776,1.4538134356024217,
DOTUSDT,2023-02-15,211282243.43731335,0.040301154060883033,2233731.2810500003,0.1173618755994322,0.20327673140979463,0.3711308373635448,0.6428174665692414,1.1736187559943219
DOTUSDT,2023-04-12,159465786.8009267,0.022016816141878157,1959345.3573500002,0.18494500799366645,0.3203341504512624,0.5848474671380339,1.0129855277610438,1.8494500799366647
DOTUSDT,2023-06-14,94531896.89581999,0.028430446531829804,1575446.1435,0.1058100910212507,0.18326845360229363,0.3346008870568839,0.5795457366401384,1.0581009102125067
DOTUSDT,2023-08-16,85947702.13375333,0.014584328618888982,1460957.54615,0.20350979252009907,0.3524893004826122,0.6435544705118112,1.1146690403645436,2.0350979252009904
DOTUSDT,2023-10-11,71892150.66779333,0.01754766471800081,1526271.4848749998,0.1346861306017803,0.2332832212771408,0.4259149419365306,0.737706319136819,1.346861306017803
DOTUSDT,2023-12-13,238137704.13371,0.04005696985398966,1740570.255175,0.170841557272056,0.2959062572393892,0.5402484399897995,0.9357377467721584,1.816479275880022
DOTUSDT,2024-01-17,318163097.5062567,0.051697959245842424,1314143.9852999998,0.2363919633811164,0.409442891077055,0.747537024843446,1.2947721075677263,2.536110508572579
DOTUSDT,2024-02-14,153420585.7068267,0.02153902875481467,1634482.10365,0.21789557922629185,0.37740621396458707,0.6890463224367519,1.193463239228941,2.178955792262918
DOTUSDT,2024-03-13,346646860.9931833,0.044614760219204394,1875474.49015,0.20791415142032654,0.36011787387257427,0.6574822762693643,1.1387927075745758,2.293652207290474
DOTUSDT,2024-04-17,267870694.6427067,0.04901691644507624,1303389.686675,0.21205990705511857,0.36729853326779904,0.6705923066977844,1.1614999463653735,2.4349578474975737
ATOMUSDT,2023-02-15,142308725.62574267,0.04963543427470981,1480775.280245,0.09681047456644482,0.16768066065393702,0.30614160099176757,0.53025280722822,0.9681047456644483
ATOMUSDT,2023-04-12,150114895.77571264,0.02189731743221835,1534309.7828825,0.22344015365733502,0.38700969858550116,0.7065798062951805,1.2238321241054284,2.2344015365733503
ATOMUSDT,2023-06-14,78388868.08406399,0.03682963507347262,1185522.5923024998,0.089924583154347,0.15575394687278138,0.28436650040894534,0.4925372266788491,0.89924583154347
ATOMUSDT,2023-08-16,51253616.451824665,0.017020882432207708,1044605.7008649999,0.14466208147197704,0.25056207503813255,0.45746166851229103,0.7923468523785198,1.4466208147197708
ATOMUSDT,2023-10-11,68493169.13884233,0.020367486815290783,1174797.2408750001,0.14331662929932332,0.24823168351594233,0.4532069751638832,0.784977507328452,1.4331662929932332
ATOMUSDT,2023-12-13,231359695.18508765,0.05323196690978382,1529045.5150024998,0.14258210866936571,0.24695945646564826,0.45088421698483544,0.7809543721486449,1.562003975108496
ATOMUSDT,2024-01-17,196816137.013328,0.04345013163304679,1182084.563585,0.19260678706195059,0.33360474107389826,0.6090761399228143,1.054950820024245,2.141092285337687
ATOMUSDT,2024-02-14,100261158.977058,0.024398314789973702,1489013.7446125,0.13866881628848787,0.2401814352370957,0.4385092999110783,0.7595203870374462,1.3866881628848788
ATOMUSDT,2024-03-13,190774987.34822264,0.050086536357896304,1882196.4386800001,0.10125637488222688,0.17538118588625803,0.32020077223970067,0.5546040061419516,1.0133932204404887
ATOMUSDT,2024-04-17,157338690.6775697,0.045900076786447884,1392381.5190425,0.12420272246519647,0.21512542574809665,0.3927634945837842,0.6802863279774175,1.2661795670273703
CRVUSDT,2023-02-15,246604145.76547998,0.06613952970553234,1228108.50635,0.151804921392023,0.2629338366899834,0.48004931162161135,0.8314697978670955,1.8365542795045566
CRVUSDT,2023-04-12,100706143.07127333,0.029727498755701243,871810.63455,0.19587619276646856,0.33926751786467896,0.6194149085442386,1.0728580925642506,1.9956239412437349
CRVUSDT,2023-06-14,73310250.27085333,0.04817294011007376,625786.643075,0.13045863261567844,0.22596097997631726,0.4125464194966738,0.7145513590488625,1.35058429013936
CRVUSDT,2023-08-16,290587392.26324666,0.048554763325136654,1167991.85665,0.25747138365265937,0.4459535179814648,0.8141960046574467,1.410228847386284,3.275905919825255
CRVUSDT,2023-10-11,123593389.12806667,0.041008051316587905,1016624.442,0.15700134096541418,0.2719342994085422,0.4964818331514078,0.8599317600531725,1.5897044255586599
CRVUSDT,2023-12-13,74936596.94799666,0.04246457207835035,610876.624725,0.14450549450468467,0.250290858454979,0.4569664970437489,0.7914891902365462,1.4798033072879728
CRVUSDT,2024-01-17,79151686.82928999,0.048473137505055726,514019.350375,0.15907646677285078,0.2755285227391199,0.5030439571343036,0.8712976921971142,1.668484414188181
CRVUSDT,2024-02-14,72311506.11891334,0.0314476680803464,735239.6657499999,0.15902674354406157,0.27544239958054056,0.5028867184787119,0.8710253468567156,1.59639753291914
CRVUSDT,2024-03-13,145953653.70317,0.06881496410933018,901860.9234,0.1175878719292574,0.203668168535376,0.37184550050863124,0.6440552994468279,1.2712703818371283
CRVUSDT,2024-04-17,72676586.79647332,0.061650958483157825,650040.639925,0.09068987457877226,0.15707947050248264,0.2867865643839237,0.49672890044107887,0.912034132524513
PEOPLEUSDT,2023-02-15,51805904.92060833,0.05146826432272737,465106.67053,0.10840215572181594,0.18775804136017848,0.3427977153531924,0.593743059710263,1.099843843479835
PEOPLEUSDT,2023-04-12,35994471.327283666,0.033632225365565635,352251.78051,0.15338629478993662,0.26567285576090754,0.485050053390218,0.8401313366858542,1.5526762616822527
PEOPLEUSDT,2023-06-14,22544443.88541933,0.06634601513224274,260806.796505,0.0659107745404412,0.11416081027026136,0.208428169893632,0.3610081799843684,0.659107745404412
PEOPLEUSDT,2023-08-16,12654866.486767,0.030172111660932525,196513.75706,0.10845608713703653,0.1878514533114646,0.3429682614627257,0.5940384542370079,1.084560871370365
PEOPLEUSDT,2023-10-11,14437146.257093668,0.03325767811400075,170101.33498749998,0.1276115665547591,0.2210297169063,0.4035432060952051,0.6989573360061339,1.2761156655475907
PEOPLEUSDT,2023-12-13,21507077.222479336,0.04697758379318335,202552.578395,0.11302360573725379,0.19576262759155677,0.35741202349459633,0.6190557839286421,1.1348117303824214
PEOPLEUSDT,2024-01-17,518244086.000476,0.21840434674951006,497399.0255075,0.23880339850950535,0.4136196192385812,0.7562751292444667,1.593465268980343,
PEOPLEUSDT,2024-02-14,89544829.05785267,0.04567613338027683,532810.8236374999,0.18450835281531214,0.3195778414969646,0.5834666422223271,1.0105938688506826,2.1085050683603397
PEOPLEUSDT,2024-03-13,179771536.056891,0.12103678939150903,674138.3568425,0.1101768631762463,0.19083192483982306,0.3484098330896718,0.6034635327679039,1.3511099262229502
PEOPLEUSDT,2024-04-17,48591989.637028664,0.0801459471921927,259785.45894500002,0.11707084382744977,0.2027726495941043,0.37021051409260575,0.641223419904587,1.4879024187903942
ICPUSDT,2023-02-15,31796911.474233333,0.049515865777490786,356080.979,0.09017316001545043,0.1561844946257985,0.28515256946364753,0.493898738219851,0.9017316001545046
ICPUSDT,2023-04-12,25571834.081966665,0.030074576944913972,305533.155,0.13982820918354477,0.24218956263726857,0.44217562216247475,0.765870643453785,1.3982820918354475
ICPUSDT,2023-06-14,26742366.835333336,0.04516594137439896,308622.021,0.09692182672622394,0.16787352825220692,0.3064937274390485,0.5308627081255993,0.9692182672622391
ICPUSDT,2023-08-16,21024407.8879,0.018954727523920804,290420.18374999997,0.19185632537754213,0.33230490330736917,0.6067029717033974,1.050840372093307,1.918563253775421
ICPUSDT,2023-10-11,14778550.458733331,0.02765011864646948,282229.694,0.09469873277030011,0.16402301657054766,0.29946368708577537,0.5186863210544708,0.9469873277030013
ICPUSDT,2023-12-13,37930858.8486,0.045061430931574914,358059.81825,0.11767655457280585,0.2038217713797513,0.372125939651169,0.6445410342901345,1.1802125253949056
ICPUSDT,2024-01-17,326574994.5619,0.10180670795079778,839594.65475,0.1920443964901414,0.33263065202982695,0.6072977047812929,1.0669507073353868,1.8252712416359722
ICPUSDT,2024-02-14,106683915.72993332,0.04130337751013561,967530.07025,0.13398248232883347,0.23206446671773878,0.4236898107223746,0.7338522788203936,1.352290362512346
ICPUSDT,2024-03-13,130943290.42420001,0.03465550038442701,1046408.3985,0.18138382821360946,0.3141660061373166,0.5735860278757161,0.9934801427923586,1.8862178276996315
ICPUSDT,2024-04-17,181019803.44023335,0.04769386824491936,811654.7915,0.23488942506635335,0.40684041837556656,0.7427855814971237,1.2865423662826112,
LPTUSDT,2023-02-15,29348245.619783334,0.06194901806099885,182176.29355,0.1308275226727821,0.22659991629762777,0.41371295228331106,0.716571853104013,1.4108934901409067
LPTUSDT,2023-04-12,16421556.576103333,0.0369782626349231,162685.1858,0.13737484553329093,0.2379402121455863,0.43441740509900784,0.7524330173237126,1.3806643739258173
LPTUSDT,2023-06-14,13445770.512373334,0.06708162292215794,107685.307,0.09524496321716534,0.1649691154571592,0.3011910194252009,0.5216781484279127,1.0323233338189677
LPTUSDT,2023-08-16,290745035.3692834,0.11912582013171921,651486.097575,0.1875157901135735,0.324786875698131,0.5929769940049763,1.0297377321611008,
LPTUSDT,2023-10-11,40655393.41081665,0.06125645946931414,395320.27885,0.08396454368817334,0.14543085570225286,0.2655192007513425,0.4598927460864055,0.841046798657831
LPTUSDT,2023-12-13,19702509.75156665,0.03786368935541539,150401.39375,0.17610933849402788,0.30503032195900165,0.5569066268666955,0.9645905728049193,1.9194217478820026
LPTUSDT,2024-01-17,46427197.33287998,0.05902989754731157,184444.715325,0.2158759635823547,0.37390813705752696,0.6826597370038029,1.182401348772194,2.4453214605224383
LPTUSDT,2024-02-14,12696070.559189985,0.025609101251340017,229361.38775,0.11028958779868721,0.19102716961315475,0.34876629964496764,0.6040809509528752,1.102895877986872
LPTUSDT,2024-03-13,325334546.8699166,0.11274848806522286,555479.1027250001,0.2614431663778056,0.4528328474580425,0.8267558844402194,1.65473563577849,
LPTUSDT,2024-04-17,36958596.46640999,0.06456264360635852,293038.707375,0.09806856364403274,0.16985973485676675,0.31012002797632565,0.5371436448996777,1.042008127430973
TRXUSDT,2023-02-15,70568226.87267567,0.025878858842881877,1741830.5672550001,0.07831421596182349,0.13564420100079982,0.2476512956096763,0.42894462655621857,0.783142159618235
TRXUSDT,2023-04-12,89320442.14392066,0.011828478216697478,1333353.0921200002,0.2831794012451562,0.490481110613544,0.8954918943774154,1.5510374588277862,2.8317940124515624
TRXUSDT,2023-06-14,115520475.64688133,0.032844146122545166,1254929.5341,0.14014071413282225,0.24273083708703394,0.44316384958226696,0.7675823035542979,1.401407141328223
TRXUSDT,2023-08-16,76172042.15011866,0.01641325224066798,1439040.4411225,0.16278818090751648,0.28195740020353244,0.5147814278232881,0.891627587782786,1.6278818090751648
TRXUSDT,2023-10-11,50550330.09383366,0.015921220933976292,1532085.6506625,0.10362032759549689,0.17947567209233195,0.32767624709456883,0.5675519084012869,1.0362032759549689
TRXUSDT,2023-12-13,59802530.690269664,0.02073155639172047,1237597.8458274999,0.11654138873056574,0.20185560646597478,0.36853623006766695,0.6383234749070918,1.165413887305657
TRXUSDT,2024-01-17,68808530.54599833,0.020926303324695854,1009341.5804175,0.1640576933072109,0.2841562601806418,0.5187959785241485,0.8985809935662371,1.640576933072109
TRXUSDT,2024-02-14,56173318.361272,0.012377080270109557,1364116.280705,0.16654744256549728,0.28846863239410075,0.5266692569830485,0.9122179118791894,1.6654744256549727
TRXUSDT,2024-03-13,62255529.19910233,0.01220882657440781,1602156.6017475,0.15936593493656454,0.27602989630584573,0.5039593358417453,0.8728831746265702,1.593659349365645
TRXUSDT,2024-04-17,78722755.02777132,0.020680696194397184,1418893.4091375,0.13498456357208705,0.2338001223443658,0.4268586698515894,0.7393409038342219,1.3498456357208708
JASMYUSDT,2023-02-15,71404315.98666774,0.10573778109308232,384046.3441,0.08817805417681783,0.15272886994680954,0.27884349084046817,0.48297109349555756,1.0427850373719647
JASMYUSDT,2023-04-12,41080351.8504117,0.050714813829490044,341488.216071,0.11995899647516033,0.20777507671995352,0.37934365468961695,0.6570424834512801,1.262097127816451
JASMYUSDT,2023-06-14,33279211.228593268,0.04477491372440194,212569.09666125,0.17547838181986705,0.3039374729419806,0.5549113666714627,0.9611346807724562,1.9919931559873234
JASMYUSDT,2023-08-16,22903419.191058602,0.030713137593436537,204352.4556055,0.1828310390666346,0.31667264886402136,0.5781625104257908,1.0014068430890404,1.8791144837504765
JASMYUSDT,2023-10-11,12154764.0168649,0.023178972193109125,165770.558222,0.15887864706898985,0.2751858889612945,0.5024183963040431,0.8702141890558779,1.5887864706898986
JASMYUSDT,2023-12-13,22630368.3866761,0.049194933383978165,174091.40926325,0.13284096181982225,0.23008729519824944,0.42008000591810446,0.7275999134939914,1.4552534002380693
JASMYUSDT,2024-01-17,19452617.1708811,0.04860455166105583,143886.81186750002,0.14104787745242361,0.2443020900473463,0.4460325518819664,0.772551041689167,1.485046797749968
JASMYUSDT,2024-02-14,17660194.524800632,0.03457916772576526,186241.32714525,0.13816503609640782,0.23930886234856616,0.4369162070640282,0.7567610692851807,1.3822657437120582
JASMYUSDT,2024-03-13,330304626.2715579,0.13036644494455366,659956.14251075,0.19300137626739738,0.3342881896258504,0.6103239405521426,1.073279807147886,
JASMYUSDT,2024-04-17,127929410.2525567,0.05805772828897869,393890.1928795,0.2861448625710818,0.49561744029792754,0.9048695064804827,1.5781901214935063,
STMXUSDT,2023-02-15,25751734.509453002,0.07026106024225988,154041.10642,0.11897288432331109,0.20606708037098959,0.3762252942614035,0.6516413247533023,1.2823787564300886
STMXUSDT,2023-04-12,17501702.038739998,0.034931503097465136,162081.23158999998,0.15490346755424125,0.26830067607254293,0.48984777492939463,0.8484412341522755,1.5556158926840893
STMXUSDT,2023-06-14,27746893.26330133,0.04286472296028779,101854.4161825,0.32064343649335597,0.5553707231199771,1.0139635761025583,1.7562364308338625,3.9785637092337676
STMXUSDT,2023-08-16,330403216.809161,0.08381855431696794,585655.361975,0.3365520221078049,0.5829252016807622,1.064270940996006,2.0476113170808965,
STMXUSDT,2023-10-11,156853318.54601634,0.05659388761451379,650016.5500475,0.21319441450929782,0.36926355782000325,0.67417993427543,1.1677138996084908,
STMXUSDT,2023-12-13,24480931.89048067,0.035389563797874495,268878.72337,0.1287304329452127,0.22296765034144686,0.40708137228644964,0.7050856196149919,1.287304329452127
STMXUSDT,2024-01-17,16208958.571168002,0.03992723327629964,181453.78963,0.11201832677867019,0.19402143335951008,0.3542330523016301,0.6135496443066267,1.120183267786702
STMXUSDT,2024-02-14,7391616.074682667,0.01886327941651745,199545.48855,0.09833797849445236,0.17032637506600706,0.31097199253912516,0.5386192908086946,0.9833797849445234
STMXUSDT,2024-03-13,31917874.88489667,0.050409371452991514,286835.67753750004,0.11131702809895172,0.19280674841495668,0.3520153511536508,0.6097084732423227,1.1450603361127618
STMXUSDT,2024-04-17,27225495.012736004,0.06583356489445887,162787.4426325,0.1270604720969604,0.22007519330562303,0.4018004924026655,0.6959388673476092,1.440898746276558
OCEANUSDT,2023-02-15,201514333.09503132,0.0723446236523091,617417.1630599999,0.22609644967984854,0.39161053825643766,0.7149797518659693,1.2389102461058108,
OCEANUSDT,2023-04-12,47551072.77147333,0.03204424815816578,370816.57623500004,0.20153161029682723,0.3490629883652758,0.6372989090594164,1.1038340900991266,2.1059778154518676
OCEANUSDT,2023-06-14,61356308.902160004,0.06100340292607568,364562.9814075,0.1384954746472227,0.23988119870735702,0.43796114551132853,0.758570955766687,1.7380511045105325
OCEANUSDT,2023-08-16,22525083.347475,0.021806888983538716,291671.34235000005,0.17726876780454984,0.3070385124326103,0.5605730642739036,0.9709410286769748,1.7726876780454979
OCEANUSDT,2023-10-11,15140890.572081333,0.022886875520253477,310116.7452775,0.10678185164791454,0.18495159238047038,0.3376738639776141,0.5848682887973299,1.0678185164791452
OCEANUSDT,2023-12-13,40454059.885645,0.04544408824192784,327743.3344025,0.13714017077538226,0.23753374354163456,0.43367529835466784,0.751147650737876,1.4733094067240458
OCEANUSDT,2024-01-17,17932717.874529,0.04516763259132389,238961.32319999998,0.08372756885843745,0.14502040325703533,0.2647698205412464,0.45859478148833255,0.8372756885843744
OCEANUSDT,2024-02-14,10417660.210688332,0.024635032973431486,284052.5666,0.07447233380893063,0.12898986591529726,0.23550219750458368,0.4079017713720593,0.7447233380893061
OCEANUSDT,2024-03-13,93255299.47774567,0.09998520497245372,523371.00365,0.08961643306637641,0.1552202152640595,0.283392044269777,0.4908494191360623,1.0680412042883842
OCEANUSDT,2024-04-17,82080100.302849,0.07056455568117125,409884.25,0.14189299579531825,0.24576587795564822,0.4487050507379006,0.7771799454908148,1.8650623458866706
THETAUSDT,2023-02-15,55336036.79539433,0.05119264710979067,503310.498575,0.10805568709296959,0.18715794009178785,0.3417020853482425,0.5918453728753927,1.0825947020584774
THETAUSDT,2023-04-12,30473909.61857567,0.029773618472562557,441183.8577,0.11724892363915466,0.20308109287577938,0.370773651902887,0.6421988032036571,1.1724892363915465
THETAUSDT,2023-06-14,23394137.263709664,0.036403506245939285,374813.8613475,0.0866746127291542,0.15012483297325116,0.2740891915371502,0.4747364055478216,0.866746127291542
THETAUSDT,2023-08-16,30334155.38405,0.02146367152739703,290502.02223,0.24796808750024202,0.4294933262061041,0.7841439435366935,1.3581771506529738,2.492135405653643
THETAUSDT,2023-10-11,18759424.64549833,0.027360504032801294,258718.4209325,0.13355360213672893,0.23132162443465393,0.42233357247199393,0.7315032052635659,1.335536021367289
THETAUSDT,2023-12-13,41525263.24536333,0.044923854760834034,425133.9436675,0.11046955105430535,0.19133887511538086,0.3493353934278601,0.6050666502991163,1.1133399834514701
THETAUSDT,2024-01-17,43215378.116048664,0.05421960292245588,337379.1658775,0.120773723014042,0.20918622447957133,0.3819200462226687,0.6615049244867162,1.242404673310566
THETAUSDT,2024-02-14,17619776.310588,0.027357824157022655,357446.04724,0.09210913702390981,0.15953770516673538,0.2912746663080982,0.5045025210032967,0.9210913702390982
THETAUSDT,2024-03-13,208079063.1504,0.07875522934635834,890478.0224275,0.15269132141150377,0.26446912655955407,0.48285235460118814,0.836324810723522,1.7573932726418693
THETAUSDT,2024-04-17,93457234.78017634,0.07543428764242871,502822.5725425,0.12761918981317563,0.22104292077719667,0.4035673129549933,0.6989990903120981,1.5288014400792849
ALGOUSDT,2023-02-15,50037877.612215325,0.05206645019943705,671673.502855,0.07186363301497017,0.12447146359841253,0.22725276126177904,0.39361332866572163,0.7186363301497017
ALGOUSDT,2023-04-12,42510467.37131533,0.045748401983067774,602788.3825525,0.07779714898253627,0.1347486147217582,0.24601618625226562,0.4261125340732519,0.7779714898253628
ALGOUSDT,2023-06-14,29439523.582712002,0.03728115172665237,385969.75156999996,0.10323779234900807,0.1788131016097275,0.32646656443037025,0.5654566765658597,1.0323779234900807
ALGOUSDT,2023-08-16,39983688.982817665,0.023622513199895303,509671.1334825,0.16613105917286927,0.2877474352026411,0.5253525370824755,0.9099372861120602,1.661310591728692
ALGOUSDT,2023-10-11,24197189.148384333,0.025593724388648622,357209.04928750003,0.1323506328532712,0.2292380205157604,0.41852944958104676,0.7249142711382099,1.3235063285327122
ALGOUSDT,2023-12-13,72750888.50528733,0.03981637468583706,518913.48912750004,0.17867855292184878,0.3094803318835266,0.5650311962559761,0.9786627397767719,1.9863771908986496
ALGOUSDT,2024-01-17,76899085.54351833,0.05230303904362598,442612.29047999997,0.16947397028609393,0.2935375270959328,0.5359237502157544,0.9282471643565388,2.1771108195471176
ALGOUSDT,2024-02-14,30676165.99254167,0.02501495054363472,502235.27862000006,0.12302390494221586,0.21308365390544176,0.3890357462654476,0.6738296784922291,1.2302390494221584
ALGOUSDT,2024-03-13,74292185.697751,0.05392034429938033,700577.4931424999,0.09903199084730334,0.17152843972222542,0.3131666522984269,0.5424205530171318,1.0000739570324397
ALGOUSDT,2024-04-17,56594999.33358267,0.05481920413386162,429281.2826275,0.12037916464276592,0.2085028293339695,0.3806723430995499,0.6593438392847121,1.2721754280171098
ANKRUSDT,2023-02-15,65854894.33785333,0.05158886682779204,353017.933115,0.18281629016676737,0.31664710302009563,0.5781158703092287,1.0013260600374838,2.1078385653831466
ANKRUSDT,2023-04-12,75241595.33534567,0.04440816852479866,417170.34262999997,0.20456984663995006,0.3543253680769669,0.6469066559735855,1.1204751959007309,2.285856340939398
ANKRUSDT,2023-06-14,18455035.824332334,0.04514191434110798,270702.18443,0.07598168322642923,0.13160413579277933,0.24027517944892765,0.41616881860327193,0.7598168322642922
ANKRUSDT,2023-08-16,24989093.42269567,0.02696875241030077,237192.63782,0.19844702973804532,0.34372033811742625,0.6275446088673906,1.086939146574259,2.044831887972218
ANKRUSDT,2023-10-11,12843964.521659335,0.027733904657613065,189048.74670000002,0.12261596509559222,0.2123770813646578,0.387745727201777,0.6715952999312195,1.2261596509559223
ANKRUSDT,2023-12-13,24481549.402216334,0.03302417605538557,249946.55729749997,0.14987755852012588,0.2595955462712357,0.4739544550687731,0.8209131966527355,1.5096060700228395
ANKRUSDT,2024-01-17,26757575.959379002,0.046356948671152746,223923.54648,0.1359551611428082,0.23548124665055775,0.42992796886649437,0.7446570856716587,1.4630280820943091
ANKRUSDT,2024-02-14,13244268.088904668,0.026374706162403554,276100.00768000004,0.09347059071649502,0.1618958121344452,0.29557996090551425,0.5119595099875729,0.9347059071649505
ANKRUSDT,2024-03-13,67551367.486866,0.0544527975929294,361335.98031250003,0.17420376502827423,0.3017297718987613,0.5508806744661332,0.9541533170831535,2.2132826577940836
ANKRUSDT,2024-04-17,99716435.48144032,0.08623973316388302,334567.9494025,0.17635757389891152,0.30546027829249756,0.5576916161420219,0.9666051735609263,
IOTAUSDT,2023-02-15,18498824.122554667,0.03695341741820479,190738.39825000003,0.131459312953416,0.227694209163414,0.41571084857367113,0.7200323109871705,1.3146894610018365
IOTAUSDT,2023-04-12,15010660.77349,0.0276598059384166,217242.13446,0.12687787148854,0.21975891977434592,0.4012230585779246,0.6949387226251491,1.2687787148854
IOTAUSDT,2023-06-14,23574637.311787333,0.03751568724186926,177265.225125,0.18059956548272937,0.31280762324094974,0.5711059713621515,0.9891845589052227,2.203763709744547
IOTAUSDT,2023-08-16,6280386.54863,0.01736597801725469,149418.7552025,0.12194157298796061,0.21120899997001638,0.3856131121056197,0.6679015022316868,1.219415729879606
IOTAUSDT,2023-10-11,8966139.518126002,0.021986526506731295,202372.129805,0.10079128883302764,0.17457563321915348,0.31873004101626196,0.5520566249386778,1.0079128883302764
IOTAUSDT,2023-12-13,161801741.31575269,0.13042028966292876,534743.0563475,0.11621806846615701,0.20129559934090227,0.36751380161844743,0.6365525768859399,
IOTAUSDT,2024-01-17,47175716.54272967,0.05438248829620914,316376.23339249997,0.13802537967792783,0.2390669703361558,0.4364745746917698,0.755996139578162,1.5549600968227817
IOTAUSDT,2024-02-14,37800206.037056,0.030251125945966188,677537.594895,0.09226331354251106,0.15980474673028683,0.29176221526859347,0.505346980574052,0.9226331354251105
IOTAUSDT,2024-03-13,48785150.229940005,0.03654760505545814,694791.66772,0.09690576068418352,0.16784570105111637,0.30644292215321683,0.5307747107892457,0.9690576068418351
IOTAUSDT,2024-04-17,30039825.614273,0.06120628068633829,416748.88263500005,0.059080016465242295,0.10232959022980548,0.18682741623041577,0.3235945771578984,0.590800164652423
EGLDUSDT,2023-02-15,32491350.2693,0.041828947701182485,364750.35750000004,0.10682847695542923,0.18503234978200436,0.3378213061459664,0.5851236661240939,1.068284769554292
EGLDUSDT,2023-04-12,30781420.448766667,0.024106656650277777,266422.8235,0.24343222290978894,0.4216369782791868,0.7698002802727546,1.3333331971131728,2.502375022616002
EGLDUSDT,2023-06-14,18180933.30463333,0.035687918790143075,229765.23424999998,0.11215049735839944,0.19425035951886688,0.3546510123732393,0.6142735723861892,1.1215049735839941
EGLDUSDT,2023-08-16,13319599.022000002,0.01575665641652774,219749.08899999998,0.1924026823895943,0.3332512214113149,0.6084307042770861,1.0538328926928275,1.9240268238959424
EGLDUSDT,2023-10-11,14656123.533266667,0.027327216263457833,254548.55800000002,0.10547790070844505,0.18269308310273208,0.3335504090517743,0.5777262553630549,1.0547790070844505
EGLDUSDT,2023-12-13,86130930.58663334,0.04851870639933792,551776.8435,0.16161877758008786,0.2799319342258859,0.511083449805234,0.8852225019702432,1.9348933067950844
EGLDUSDT,2024-01-17,66470725.23133334,0.05173163142324689,371982.07075,0.17945282473795904,0.31082141000789815,0.5674796587229596,0.9829036011700129,2.1674996224227607
EGLDUSDT,2024-02-14,29184595.958899997,0.030003278533292987,473905.69325,0.10382508386230896,0.17983032034961863,0.3283237432628881,0.568673404662522,1.0382508386230895
EGLDUSDT,2024-03-13,49900181.6492,0.04294950489665046,567539.85025,0.1032532486750448,0.17883987275172145,0.32651544162490453,0.5655413343501243,1.032532486750448
EGLDUSDT,2024-04-17,30202477.3093,0.05668289134171786,338438.962,0.08008193751186825,0.13870598453911176,0.2532413219767811,0.43862683623969373,0.8010446335970541
ENJUSDT,2023-02-15,90783401.66593334,0.05709549473035409,376014.98375,0.2116383394380127,0.3665683567361461,0.66925919283996,1.1591909254313477,2.833305712400803
ENJUSDT,2023-04-12,66926133.87076999,0.044517718148409796,378966.14824999997,0.1989510728224803,0.3445933663488715,0.6291385330530618,1.0896999042472546,2.2186477093251495
ENJUSDT,2023-06-14,16346247.23665,0.043104665418866976,262122.766375,0.0724090244715659,0.1254161093112503,0.22897744048101837,0.3966005607002024,0.7240902447156592
ENJUSDT,2023-08-16,12596537.85476,0.017947924204073786,210819.057675,0.16708739479674328,0.28940385709227895,0.5283767358614757,0.9151753520494759,1.6708739479674326
ENJUSDT,2023-10-11,36121677.57421,0.020178150938975414,282862.15865,0.32370238886116504,0.5606689840389557,1.0236368328388001,1.7729910029756917,3.3949739705864737
ENJUSDT,2023-12-13,27617098.997206666,0.04128212171826171,242126.67722500002,0.14025185907946738,0.24292334578162778,0.4435153207640833,0.7681910694986002,1.5160569942983706
ENJUSDT,2024-01-17,19936754.377426665,0.05318076186359449,163065.542175,0.11618805966056574,0.20124362256494377,0.367418905442918,0.6363882118884788,1.2406578506664188
ENJUSDT,2024-02-14,9328613.99196333,0.02597096799789078,279706.185375,0.06539068468959296,0.1132599882240913,0.2067835013770143,0.3581595305519776,0.6539068468959295
ENJUSDT,2024-03-13,52714201.67968666,0.060740010023468065,502969.6015,0.0869206991171692,0.15055106710034433,0.2748673850244416,0.4760842762059295,0.879868712877447
ENJUSDT,2024-04-17,28630347.946313333,0.06568394488189887,287840.7911,0.07573197411806493,0.1311716269299796,0.2394855299140066,0.4148011054886156,0.7574063260428598
ROSEUSDT,2023-02-15,68748075.433799,0.08134858007832499,450167.478365,0.09387051031250757,0.16258849319368135,0.29684461770984816,0.5141499598268171,0.9846900737626615
ROSEUSDT,2023-04-12,29789350.89340433,0.0301421236535161,289143.06179,0.17164188948362472,0.2972924732927601,0.5427793126631564,0.9401213468298999,1.7270811281633285
ROSEUSDT,2023-06-14,21899774.92006233,0.041922072872570035,247285.4158475,0.1062162251318526,0.18397189851654294,0.33588519588187266,0.5817702247776281,1.062162251318526
ROSEUSDT,2023-08-16,13635041.725235002,0.021390696391478715,195871.727135,0.1628273777027534,0.2820252910443766,0.5149053789732159,0.8918422774721174,1.6282737770275335
ROSEUSDT,2023-10-11,10442598.556379667,0.018762287797372757,188695.44562249997,0.14782767183111986,0.2560450383761181,0.4674721441862529,0.8096855048537537,1.4782767183111987
ROSEUSDT,2023-12-13,30428042.298368,0.03280471156989191,285804.58007499995,0.1643981305420075,0.2847459147680978,0.5198725355864353,0.9004456450953652,1.6722915014015067
ROSEUSDT,2024-01-17,61243686.86536266,0.051308769519155376,336893.84253,0.18212677146542244,0.3154528215965972,0.5759354207236973,0.9975494105720009,2.1527864221962902
ROSEUSDT,2024-02-14,28754558.249119,0.04223155692635379,377405.503835,0.09200724397537849,0.15936122122974103,0.29095245219700117,0.503944429791961,0.9200724397537849
ROSEUSDT,2024-03-13,44435073.84495066,0.04090885985614951,467204.2272075,0.11691057699906926,0.20249505930458128,0.36970370588155194,0.6403456023333487,1.1696094908967338
ROSEUSDT,2024-04-17,29492760.676016,0.06116166433145028,312798.3757725,0.07783759645465052,0.13481867179849782,0.24614409238974283,0.4263340740019623,0.7792827337286773
WOOUSDT,2023-02-15,43428798.55851367,0.06507288284940664,254218.706,0.13173395753065523,0.22816990752521552,0.416579350984761,0.721536601289674,1.5017612331628725
WOOUSDT,2023-04-12,25443894.97631033,0.046400084559915844,233873.63032,0.11828963702623159,0.20488366133831373,0.3740646765974785,0.6478990251836535,1.203170688868581
WOOUSDT,2023-06-14,29666841.545074664,0.04956875380262465,176723.92224749998,0.17564164717201305,0.304220256827013,0.5554276570472334,0.9620289219347496,1.9478636199167019
WOOUSDT,2023-08-16,18092608.401406,0.03493176933415216,202066.53353000002,0.13093457546029627,0.2267853371646942,0.41405148292172583,0.7171582053696662,1.3108656381538228
WOOUSDT,2023-10-11,13469631.020208998,0.026392539601636456,178970.5130225,0.14281010285548296,0.2473543539798336,0.4516051979062422,0.7822031477358093,1.4281010285548292
WOOUSDT,2023-12-13,29466857.478827335,0.06060466348502442,202373.08344750002,0.12106839691473131,0.2096966146472297,0.3828518869158532,0.6631189199118718,1.253393427174965
WOOUSDT,2024-01-17,66821111.716135,0.07961747569342552,325000.842255,0.13260673055804867,0.22968159475213662,0.4193393016316848,0.7263169760365288,1.4723493723941687
WOOUSDT,2024-02-14,23373434.458941665,0.0343196506194356,313929.44051750004,0.11033738829094578,0.19110996249437337,0.3489174580737818,0.6043427650315737,1.1033738829094575
WOOUSDT,2024-03-13,42230053.94964167,0.07345858622709378,398492.99439500005,0.07287154259714225,0.1262172142041701,0.23044005121695144,0.39913387680653406,0.7388209877932352
WOOUSDT,2024-04-17,25954786.21252767,0.0754623937166922,224745.18327500002,0.07804741853381936,0.13518209430016798,0.24680760806330848,0.42748331686019636,0.8062276461344208
RSRUSDT,2023-02-15,27185807.1118158,0.059212913032847043,198970.5825085,0.11538895372842271,0.1998595304898423,0.3648919106055939,0.6320113284397695,1.191946342509572
RSRUSDT,2023-04-12,26700093.642395202,0.040275401461597825,210747.959339,0.16213839052917964,0.2808319302539835,0.512726610226081,0.8880685393041365,1.7222834017116222
RSRUSDT,2023-06-14,16079004.542452998,0.05848932602030359,144975.74128825,0.09891832156444796,0.17133155874905998,0.3128071984646058,0.5417979607139786,1.0366253275210875
RSRUSDT,2023-08-16,15769064.638654934,0.027024338844383926,174964.45511925,0.16711238380635376,0.2894471393265551,0.5284557580483165,0.9153122224920095,1.671123838063537
RSRUSDT,2023-10-11,7506237.076948101,0.032423413863234565,136620.63832425,0.08476419625306349,0.1468158945730454,0.268047924193191,0.4642726235659776,0.8476419625306348
RSRUSDT,2023-12-13,12745437.0846658,0.042464302999935324,178044.91396424998,0.08429214384183545,0.14599827581296307,0.26655516339873586,0.4616870860264345,0.8429214384183545
RSRUSDT,2024-01-17,17216626.756563034,0.05785444037619117,136892.80549525,0.1090568965100698,0.18889208567122184,0.34486818752108855,0.5973292227007163,1.1151880263123273
RSRUSDT,2024-02-14,6717816.624419499,0.03234069051081778,248919.2865785,0.04176440611772887,0.07233807334384684,0.13207064845629363,0.22875307331486863,0.4176440611772887
RSRUSDT,2024-03-13,42206949.007251,0.12413706907741828,395011.580768,0.04340397810442657,0.07517789532747389,0.1372554303220656,0.23773337893254745,0.44132630237439574
RSRUSDT,2024-04-17,122189139.26718567,0.0910859195719993,331199.70229675,0.2032427338349176,0.3520267412712753,0.6427099567977079,1.1244958966871392,
QTUMUSDT,2023-02-15,20707653.685743332,0.035044306993464766,196063.76,0.1507674964664833,0.2611369640099102,0.4767686859554752,0.8257875875327332,1.513390573163478
QTUMUSDT,2023-04-12,26875868.440143332,0.02012991981306083,235135.794,0.28860821477882853,0.49988409147868196,0.9126593101361673,1.5807722951566026,3.05908316740141
QTUMUSDT,2023-06-14,11044259.226336665,0.03737545870528241,147527.838625,0.1023076539763492,0.17720205469021286,0.32352520863364576,0.5603620988827955,1.023076539763492
QTUMUSDT,2023-08-16,27253106.331383336,0.02554465852199741,215104.169925,0.247992817978774,0.42953616065141714,0.7842221481764804,1.3583126050624725,2.6382478067910933
QTUMUSDT,2023-10-11,8199010.373386666,0.02604709463297147,177822.198225,0.08860265321225996,0.15346429704904002,0.2801861908847758,0.4852967181916234,0.8860265321225994
QTUMUSDT,2023-12-13,21568652.091766667,0.03540504098892926,199265.54565000001,0.15504992374657553,0.268554345638749,0.49031091007460653,0.8492434077545534,1.6351494005021607
QTUMUSDT,2024-01-17,28292956.099446665,0.04591991838221574,219638.7064,0.143927490961663,0.24928972695151067,0.4551386893521533,0.7883233344482372,1.6034574792768963
QTUMUSDT,2024-02-14,9760884.319136668,0.017433096864960383,292881.566825,0.09630484935487944,0.16680489209791796,0.3045426736808164,0.5274833838880432,0.9630484935487944
QTUMUSDT,2024-03-13,66971080.17488667,0.0672526040027191,451458.05435,0.11133202787234496,0.19283272878457583,0.35206278460195983,0.6097906303847722,1.2850773779145643
QTUMUSDT,2024-04-17,54715206.21738999,0.08575797330582616,384986.777825,0.08518008244729801,0.14753623059162607,0.2693630718143913,0.46655052606534975,0.9750308561270846
FLMUSDT,2023-02-15,12922643.353470001,0.046947494729789846,138629.29615,0.09975154913260557,0.17277475123137598,0.3154420953892271,0.5463617360601296,0.9975157829003632
FLMUSDT,2023-04-12,13756190.494386667,0.026130385399722653,172973.28365,0.15479576029161987,0.2681141216213385,0.4895071746589691,0.847851297178827,1.547957602916199
FLMUSDT,2023-06-14,8902324.806203334,0.058154717758628134,105388.71615,0.07551726421959516,0.13079973847694207,0.23880655759865868,0.4136250909415004,0.7558170326720953
FLMUSDT,2023-08-16,13073772.302093333,0.025264350675305785,149386.624175,0.17329078619016317,0.3001484461649178,0.5479935818821681,0.9491527260415711,1.7329078619016318
FLMUSDT,2023-10-11,83503964.43771,0.12859407673658665,278622.444075,0.1165361099254478,0.2018464633073073,0.3685195370201701,0.6382945617006945,
FLMUSDT,2023-12-13,17556016.98256,0.028317474878577706,176151.619925,0.176370944877668,0.3054834375070508,0.5577338988894381,0.9660234499799899,1.7658231200248709
FLMUSDT,2024-01-17,17133087.649876665,0.04190779191008738,134066.51585,0.1531794169153634,0.2653145327711849,0.4843958481090722,0.8389982199003296,1.5701452011024022
FLMUSDT,2024-02-14,6781450.985233333,0.024889711137660298,169512.40985,0.08050328461840296,0.13943577913525199,0.2545737385189524,0.44093464938757965,0.8050328461840296
FLMUSDT,2024-03-13,26114414.922696665,0.05029964259636851,291888.73495,0.08992610631140428,0.1557565850581925,0.28437131705448054,0.49254556935363814,0.8992610631140431
FLMUSDT,2024-04-17,44413046.232980005,0.10770241612749909,233383.90094999998,0.08845868569643636,0.1532149379969941,0.27973092562569685,0.4845081756319779,1.0942777799484609
HOTUSDT,2023-02-15,26365323.233034067,0.04149513682790352,196883.101289,0.16295980448815514,0.2822546609649754,0.5153241492382998,0.8925676088479418,1.7121833099610857
HOTUSDT,2023-04-12,29129362.457436904,0.04058427017557576,198830.50840450003,0.18256509315378688,0.3162120170309039,0.5773215156067795,0.9999501973336107,2.0876768535443775
HOTUSDT,2023-06-14,7238155.7825694,0.03586070419722225,138969.45213175,0.07400434460660243,0.12817928483947116,0.2340222857048611,0.40533848894421914,0.7400434460660241
HOTUSDT,2023-08-16,6813380.751618833,0.017474380160756756,133733.349553,0.1466297095588511,0.253970106854998,0.46368385485493274,0.803123995258136,1.4662970955885106
HOTUSDT,2023-10-11,6365108.115544266,0.01712401930548508,133824.295136,0.13934658481237724,0.24135536475624306,0.44065259217293906,0.7632326781304581,1.3934658481237725
HOTUSDT,2023-12-13,32880371.461251996,0.03899578314913785,306420.05892574997,0.13937642942851147,0.2414070571477199,0.4407469691358165,0.7633961438252259,1.4376431269126084
HOTUSDT,2024-01-17,23139127.1791744,0.05580471110613059,219566.02029349998,0.09748708067339396,0.16885257680788426,0.3082812173685062,0.5339587315014378,1.0049343018958665
HOTUSDT,2024-02-14,9522208.853851067,0.02404310199183239,272332.2955905,0.07330207748053402,0.12696292249663538,0.23180152206062438,0.40149201348079944,0.7330207748053403
HOTUSDT,2024-03-13,59260050.73198263,0.09458723089437539,510454.28874550003,0.06191785078371085,0.1072448634528556,0.195801436298968,0.33913803586477353,0.6278902061686602
HOTUSDT,2024-04-17,21075568.4138109,0.06526882052094837,295270.78990750003,0.054707833177809445,0.09475674663596825,0.1730013586944053,0.2996471430371577,0.5470783317780944
ATAUSDT,2023-02-15,31369549.012853336,0.07535947657079226,239098.46315,0.08733677356444743,0.15127172918276133,0.2761831279540363,0.4783632098096872,0.9069706012370298
ATAUSDT,2023-04-12,23328982.995883334,0.028330009742814813,207934.35537499998,0.19841864897704584,0.34367118119741774,0.6274548610209035,1.0867836987442736,2.027947942657501
ATAUSDT,2023-06-14,6285768.91532,0.05749806887984978,118760.462325,0.046783138662696726,0.08103077310133064,0.14794127426560544,0.25624180356451065,0.46783138662696727
ATAUSDT,2023-08-16,12071328.504703334,0.04281360688936389,125904.79932499999,0.11331257272300573,0.19626313309258922,0.35832581733816593,0.6206385212933484,1.1364742687724176
ATAUSDT,2023-10-11,8983867.424406668,0.03170271184610266,109622.07285,0.12925321750123203,0.22387313975388465,0.40873456220903076,0.707949028555463,1.2925321750123204
ATAUSDT,2023-12-13,6863840.900583332,0.034407113561371175,132573.21120000002,0.07542076609927639,0.1306325988297151,0.2385014037485264,0.41309654896894593,0.7542076609927639
ATAUSDT,2024-01-17,12284177.585906666,0.04507485401362535,115919.80515,0.12055946343350242,0.20881511600006836,0.38124249793765136,0.6603313764324851,1.2397536869954713
ATAUSDT,2024-02-14,5393207.938673333,0.03136946816548735,186421.303625,0.04630865933912739,0.08020895080576762,0.14644083890047035,0.2536429732786235,0.46308659339127384
ATAUSDT,2024-03-13,25682633.673563335,0.06142124522940791,276390.2002,0.07621209265600411,0.13200321663134598,0.24100379804076433,0.4174308230236725,0.7623265670354425
ATAUSDT,2024-04-17,59244127.30472001,0.14374399915798844,263410.30460000003,0.07830177304005023,0.13562264922809392,0.24761194763612557,0.42887647386685374,1.1090982926991146
QNTUSDT,2023-02-15,16225182.849466665,0.0336945522946563,271362.67850000004,0.08891638131701332,0.15400769006623513,0.28117828626180424,0.487015077790591,0.8891638131701329
QNTUSDT,2023-04-12,8447689.806533333,0.019464499047440686,209343.3095,0.10702328532599012,0.18536976777755557,0.3384373443042049,0.5861906755135643,1.070232853259901
QNTUSDT,2023-06-14,10904080.1719,0.03009429086217636,197660.27425,0.09373175449208156,0.16234816106285763,0.29640583327869674,0.5133899628984926,0.9373175449208154
QNTUSDT,2023-08-16,9900729.157766668,0.019305626957560305,217551.852,0.11789343558979917,0.20419742032038107,0.3728117776461218,0.6457289405431537,1.1789343558979914
QNTUSDT,2023-10-11,5690772.836844173,0.017167356057992442,150727.46775,0.11027753869844116,0.19100629995934307,0.3487281970444344,0.6040149553128511,1.1027753869844115
QNTUSDT,2023-12-13,10361487.262333333,0.026949932038189666,169950.53425,0.11446875054626394,0.19826569182505674,0.36198197263983745,0.6269711680362057,1.1446875054626393
QNTUSDT,2024-01-17,17225661.17903333,0.05151956369954212,151216.4455,0.11610194891419208,0.2010944743771469,0.3671465993533601,0.635916563906154,1.2247896661839761
QNTUSDT,2024-02-14,7100870.163766666,0.020902917047308917,159631.68349999998,0.1097368135484211,0.19006973652657805,0.3470182739822349,0.6010532816920877,1.097368135484211
QNTUSDT,2024-03-13,19259575.2921,0.044225397559895144,270427.54099999997,0.08278948520177372,0.14339559470194374,0.2618033395504097,0.45345668569251607,0.827894852017737
QNTUSDT,2024-04-17,19006038.066333335,0.04121336276967877,180894.66125,0.12935051207680348,0.22404165890207522,0.4090422346718158,0.7084819328930967,1.3208761374723865
